record_id,document_id,document_name,document_type,notification_number,notification_date,effective_date,rule_number,sub_rule_number,clause_number,sub_clause_number,proviso_number,explanation_number,legal_heading,original_text,requirement_type,requirement_summary,mandatory_status,applicable_to,product_category,package_type,conditions,exceptions,responsible_party,detectability,detection_method,ocr_required,computer_vision_required,calculation_required,external_database_required,human_review_required,required_field,field_type,expected_format,allowed_units,validation_type,validation_logic,failure_condition,failure_message,severity,evidence_required,evidence_description,original_2011,amendment_status,amended_by,effective_from,effective_until,document_page,source_location,extraction_confidence,notes
LM-PCR-2011-R01,LMPCR-2011-ORIGINAL,"Legal Metrology (Packaged Commodities) Rules, 2011",Original Rules,G.S.R. 202(E),2011-03-07,2011-04-01,1,1(1),,,,,Short title and commencement,"(1) These rules may be called the Legal Metrology (Packaged Commodities) Rules, 2011. (2) They shall come into force on the 1st day of April, 2011.",ADMINISTRATIVE,Establishes short title and effective date of Rules.,MANDATORY,All packaged commodities in India,ALL,ALL,None,None,ALL,NOT_IMAGE_CHECKABLE,NOT_APPLICABLE,False,False,False,False,True,None,None,None,None,human_review,manual_audit,None,None,LOW,False,None,True,UNAMENDED,None,2011-04-01,2026-08-30,1,"Page 1, Rule 1",1.0,"Rules originally scheduled to enter force April 1, 2011."
LM-PCR-2011-R02-S1,LMPCR-2011-ORIGINAL,"Legal Metrology (Packaged Commodities) Rules, 2011",Original Rules,G.S.R. 202(E),2011-03-07,2011-04-01,2,2(1),2(1)(f),,,,Definitions — Net Quantity,"'net quantity' in relation to commodity contained in a package, means the quantity by weight, measure or number of such commodity contained in that package excluding the weight of wrapper or container;",DEFINITION,Defines net quantity excluding wrapper or container weight.,MANDATORY,All packages,ALL,ALL,Exclude wrapper/packaging weight,None,manufacturer_packer_importer,OCR_REQUIRED,OCR,True,False,True,False,False,net_quantity,numeric_with_unit,Regex standard metric units,"g, kg, ml, L, count, number, units",unit_validation,extract_number_and_symbol,non_standard_unit,Net quantity is not expressed in standard SI units,HIGH,True,OCR bounding box of net quantity declaration,True,UNAMENDED,None,2011-04-01,2026-08-30,1,"Page 1, Rule 2(f)",1.0,Standard definition.
LM-PCR-2011-R03-S1,LMPCR-2011-ORIGINAL,"Legal Metrology (Packaged Commodities) Rules, 2011",Original Rules,G.S.R. 202(E),2011-03-07,2011-04-01,3,3(1),3(1)(a),,,,Applicability of Chapter II,The provisions of this Chapter shall not apply to: (a) packages of commodities containing quantity of more than 25 kg or 25 litre;,EXEMPTION,Exempts packages > 25 kg/L from retail declaration rules.,MANDATORY,Packages > 25kg or 25L,ALL,BULK,Quantity > 25 kg or 25 L,Exempt from Chapter II retail labeling rules,manufacturer_packer_importer,OCR_REQUIRED,OCR,True,False,True,False,False,net_quantity,numeric,Quantity > 25,"kg, L",calculation,compare_greater_than_25,None,None,LOW,True,Net quantity value extracted from package,True,UNAMENDED,None,2011-04-01,2026-08-30,2,"Page 2, Rule 3(a)",1.0,Bulk retail package exemption.
LM-PCR-2011-R05,LMPCR-2011-ORIGINAL,"Legal Metrology (Packaged Commodities) Rules, 2011",Original Rules,G.S.R. 202(E),2011-03-07,2011-04-01,5,5(1),,,,,Specific commodities to be packed in standard packages,Every commodity specified in the Second Schedule shall be packed as a retail package only in the standard quantities specified in that Schedule.,QUANTITY_RESTRICTION,Mandates commodities in Second Schedule be sold in standard pack sizes only.,MANDATORY,"Second Schedule commodities (e.g. Tea, Coffee, Flour)","Food, Baby food, Tea, Coffee, Salt, etc.",RETAIL,Commodity listed in Second Schedule,Omitted by 2021 amendment,manufacturer_packer_importer,PRODUCT_DATABASE_REQUIRED,OCR + Database Lookup,True,False,False,True,False,net_quantity,numeric,Must match Second Schedule values,"g, kg, ml, L",product_category_check,verify_standard_quantities_by_category,non_standard_pack_size,Net quantity does not conform to standard package sizes under Second Schedule,HIGH,True,Net quantity bounding box and product category mapping,True,AMENDED_OMITTED,G.S.R. 779(E),2011-04-01,2022-04-01,3,"Page 3, Rule 5",1.0,"Rule 5 and Second Schedule completely omitted by G.S.R. 779(E) effective April 1, 2022."
LM-PCR-2011-R06-S1-A,LMPCR-2011-ORIGINAL,"Legal Metrology (Packaged Commodities) Rules, 2011",Original Rules,G.S.R. 202(E),2011-03-07,2011-04-01,6,6(1),6(1)(a),,,,Declarations to be made on every package — Manufacturer/Packer Address,"(a) the name and complete address of the manufacturer, or where the manufacturer is not the packer, the name and complete address of the manufacturer and packer and in case of any imported package the name and complete address of the importer.",MANDATORY_DECLARATION,"Declares the name and complete postal address of the manufacturer, packer, or importer.",MANDATORY,All retail packages,ALL,RETAIL,None,Capacity <= 10 cm3 (Rule 10 proviso),manufacturer_packer_importer,OCR_REQUIRED,OCR,True,False,False,False,False,manufacturer_packer_importer_details,text,"Name and full postal address including city, state, PIN code",None,presence_check,check_address_components,missing_manufacturer_details,Manufacturer/Packer/Importer details or complete address missing,HIGH,True,Cropped image containing manufacturer/packer address,True,UNAMENDED,None,2011-04-01,2026-08-30,3,"Page 3, Rule 6(1)(a)",1.0,Core compliance requirement.
LM-PCR-2011-R06-S1-B,LMPCR-2011-ORIGINAL,"Legal Metrology (Packaged Commodities) Rules, 2011",Original Rules,G.S.R. 202(E),2011-03-07,2011-04-01,6,6(1),6(1)(b),,,,Declarations to be made on every package — Generic Commodity Name,"(b) the common or generic names of the commodity contained in the package and in case of packages with more than one product, the name and number or quantity of each product shall be mentioned on the package.",MANDATORY_DECLARATION,Declares generic or common name of commodity contained in the package.,MANDATORY,All retail packages,ALL,RETAIL,None,None,manufacturer_packer_importer,OCR_REQUIRED,OCR,True,False,False,False,False,common_generic_name,text,Prominent generic name on label,None,presence_check,required_field_present,common_generic_name_missing,Generic or common name of the commodity is missing,HIGH,True,Cropped image of the common name declaration,True,UNAMENDED,None,2011-04-01,2026-08-30,3,"Page 3, Rule 6(1)(b)",1.0,Ensures consumer knows product contents.
LM-PCR-2011-R06-S1-C,LMPCR-2011-ORIGINAL,"Legal Metrology (Packaged Commodities) Rules, 2011",Original Rules,G.S.R. 202(E),2011-03-07,2011-04-01,6,6(1),6(1)(c),,,,Declarations to be made on every package — Net Quantity,"(c) the net quantity, in terms of the standard unit of weight or measure, of the commodity contained in the package or where the commodity is packed or sold by number, the number of the commodity contained in the package shall be mentioned.",MANDATORY_DECLARATION,Declares net quantity in standard metric units or count.,MANDATORY,All retail packages,ALL,RETAIL,Expressed in standard units,None,manufacturer_packer_importer,OCR_REQUIRED,OCR,True,False,True,False,False,net_quantity,numeric_with_unit,Numerical value + metric standard unit symbol,"g, kg, ml, l, L, cm, m, number",unit_validation,regex_unit_match,net_quantity_missing_or_invalid_unit,"Net quantity is missing or uses non-standard units (e.g. gms, kgs, ltr)",HIGH,True,OCR Net Quantity crop and bounding box,True,UNAMENDED,None,2011-04-01,2026-08-30,3,"Page 3, Rule 6(1)(c)",1.0,Strict SI unit symbols required.
LM-PCR-2011-R06-S1-D,LMPCR-2011-ORIGINAL,"Legal Metrology (Packaged Commodities) Rules, 2011",Original Rules,G.S.R. 202(E),2011-03-07,2011-04-01,6,6(1),6(1)(d),,,,Declarations to be made on every package — Month/Year of Pack,(d) the month and year in which the commodity is manufactured or pre-packed or imported shall be mentioned on the package.,MANDATORY_DECLARATION,"Declares date of manufacturing, packing, or import.",MANDATORY,All retail packages,ALL,RETAIL,Format: MM/YYYY or Month Year,Servicing spare parts with warranty exempt from 01-04-2024,manufacturer_packer_importer,OCR_REQUIRED,OCR,True,False,False,False,False,manufacturing_packing_date,date,MM/YYYY or Month YYYY,None,pattern_match,regex_date_match,manufacturing_date_missing_or_invalid_format,Month and year of manufacturing/packing is missing or in an invalid format,HIGH,True,Cropped image of the packaging/manufacturing date,True,AMENDED,G.S.R. 779(E) & G.S.R. 722(E),2011-04-01,2026-08-30,3,"Page 3, Rule 6(1)(d)",1.0,Spare parts exempt in recent amendments.
LM-PCR-2011-R06-S1-E,LMPCR-2011-ORIGINAL,"Legal Metrology (Packaged Commodities) Rules, 2011",Original Rules,G.S.R. 202(E),2011-03-07,2011-04-01,6,6(1),6(1)(e),,,,Declarations to be made on every package — Price,"(e) the retail sale price of the package shall clearly indicate that it is the maximum retail price inclusive of all taxes, and the price in Indian Rupees shall be given in the format: 'Maximum Retail Price Rs. XX.XX (inclusive of all taxes)' or 'MRP Rs. XX.XX (incl. of all taxes)'.",MANDATORY_DECLARATION,Declares retail sale price as MRP inclusive of all taxes.,MANDATORY,All retail packages,ALL,RETAIL,Requires explicit phrase 'inclusive of all taxes' or 'incl. of all taxes',None,manufacturer_packer_importer,OCR_REQUIRED,OCR,True,False,False,False,False,mrp,numeric_price,MRP Rs. XX.XX (inclusive of all taxes),"Rupees (Rs, ₹)",exact_match,check_mrp_phrase_syntax,mrp_missing_or_tax_clause_omitted,Maximum Retail Price (MRP) declaration is missing or lacks the 'inclusive of all taxes' clause,HIGH,True,Cropped image of the MRP declaration on the label,True,AMENDED,G.S.R. 629(E),2011-04-01,2026-08-30,3,"Page 3, Rule 6(1)(e)",1.0,Phasing out manual rounding in later updates.
LM-PCR-2011-R06-S2,LMPCR-2011-ORIGINAL,"Legal Metrology (Packaged Commodities) Rules, 2011",Original Rules,G.S.R. 202(E),2011-03-07,2011-04-01,6,6(2),,,,,Declarations to be made on every package — Consumer Care Details,"(2) Every package shall bear the name, address, telephone number, e-mail address, if any, of the person who who can be contacted by the consumer in case of consumer complaints.",MANDATORY_DECLARATION,"Declares consumer care name, address, phone and email.",MANDATORY,All retail packages,ALL,RETAIL,All 4 details must be present,None,manufacturer_packer_importer,OCR_REQUIRED,OCR,True,False,False,False,False,consumer_care_details,text_block,"Helpline, Email, Postal Address, Contact Name/Role",None,presence_check,validate_consumer_care_attributes,missing_helpline_details,"Consumer care name, phone, email, or address is missing",HIGH,True,Cropped image containing consumer care details,True,UNAMENDED,None,2011-04-01,2026-08-30,4,"Page 4, Rule 6(2)",1.0,Crucial customer protection field.
LM-PCR-2011-R07-S2,LMPCR-2011-ORIGINAL,"Legal Metrology (Packaged Commodities) Rules, 2011",Original Rules,G.S.R. 202(E),2011-03-07,2011-04-01,7,7(2),,,,,Manner in which declaration shall be made — Font size height Table-I,(2) The height of any numeral and letter in the declaration on the principal display panel shall not be less than as specified in Table-I: Area <= 50 cm2: 1.0mm; 50 < A <= 100 cm2: 1.5mm; 100 < A <= 500 cm2: 2.5mm; 500 < A <= 2500 cm2: 4.0mm; A > 2500 cm2: 6.0mm.,VISUAL_METRICS,Prescribes minimum font sizes for letters and numerals on PDP based on area.,MANDATORY,Principal Display Panel declarations,ALL,RETAIL,PDP Area determines required height,None,manufacturer_packer_importer,COMPUTER_VISION_REQUIRED,Computer Vision Scale Calibration,False,True,True,False,False,font_size_height,measurement,Font height >= Table-I minimums,mm,font_size_check,measure_pixel_height_and_calibrate_to_physical_scale,font_height_under_minimum,Font height of mandatory declarations is below Table-I minimum statutory requirements,MEDIUM,True,Label scale calibration mapping and letter height measurement bounding box,True,AMENDED,G.S.R. 629(E),2011-04-01,2026-08-30,4,"Page 4, Rule 7(2)",1.0,Amended in 2017 to specify molded vs normal printing.
LM-PCR-2011-R08,LMPCR-2011-ORIGINAL,"Legal Metrology (Packaged Commodities) Rules, 2011",Original Rules,G.S.R. 202(E),2011-03-07,2011-04-01,8,,,,,,Declaration Placement and Clear Space Space Margin,"Every declaration required to be made under these rules shall be clear, legible and prominent. The net quantity declaration shall have a clear space surrounding it equal to the height of the lettering or numeral used.",VISUAL_LAYOUT,Ensures declarations are prominent and net quantity has clear space surrounding it.,MANDATORY,Net Quantity declaration placement,ALL,RETAIL,Clear space surrounding = height of font,Returnable glass bottles crown caps,manufacturer_packer_importer,COMPUTER_VISION_REQUIRED,Computer Vision Margin Bounding Box,False,True,True,False,False,location_check,spatial_margin,Padding >= 1x height,mm,location_check,check_surrounding_blank_space,net_quantity_crowded,Net quantity declaration is crowded and lacks the required clear surrounding space,MEDIUM,True,Bounding box of net quantity showing surrounding margin contours,True,UNAMENDED,None,2011-04-01,2026-08-30,5,"Page 5, Rule 8",1.0,Prevents crowding other text.
LM-PCR-2011-R26-A,LMPCR-2011-ORIGINAL,"Legal Metrology (Packaged Commodities) Rules, 2011",Original Rules,G.S.R. 202(E),2011-03-07,2011-04-01,26,26(a),,,,,Exemptions of Chapter II — Small quantity,The provisions of this Chapter shall not apply to: (a) packages containing net quantity of 10g or 10ml or less;,EXEMPTION,Exempts small packages <= 10g/ml from declarations.,MANDATORY,Packages <= 10g or 10ml,ALL (Except Tobacco/Pan Masala in later amendments),RETAIL,Quantity <= 10 g or 10 ml,Exempt from retail declarations,manufacturer_packer_importer,OCR_REQUIRED,OCR,True,False,True,False,False,net_quantity,numeric,Quantity <= 10,"g, ml",calculation,compare_less_than_10,None,None,LOW,True,Net quantity value extracted from package,True,AMENDED,G.S.R. 881(E),2011-04-01,2026-08-30,10,"Page 10, Rule 26(a)",1.0,Recent amendment excludes pan masala/tobacco from this exemption.
