rule_id,rule_category,statutory_reference,target_parameter,compliance_condition,violation_condition
LMPCR_R6_1_a,Mandatory Labeling,Rule 6(1)(a),manufacturer_packer_importer_details,"Every package must declare the name and complete address of the manufacturer, or packer, or importer, including street, city, state, and PIN code (or factory address). Food items fall under FSSAI Act, 2006.","Missing manufacturer/packer/importer name, missing complete postal address, or missing PIN code on retail package (unless package volume <= 10 cm3 under Rule 10(1))."
LMPCR_R6_1_aa,Country of Origin,Rule 6(1)(aa),country_of_origin,"For imported products, the name of the country of origin or manufacture or assembly must be clearly mentioned on the package.",Imported pre-packaged commodity lacks explicit declaration of country of origin or country of manufacture/assembly.
LMPCR_R6_1_b,Mandatory Labeling,Rule 6(1)(b),common_generic_name,The common or generic name of the commodity contained in the package must be prominently declared on the principal display panel.,"Pre-packaged commodity lacks a clear common or generic name, or name is misleading/ambiguous."
LMPCR_R6_1_c,Net Quantity,Rule 6(1)(c),net_quantity,"Net quantity must be declared in terms of standard unit of weight, measure or number (e.g. g, kg, ml, L, N, u). Unit symbols must conform strictly to SI metric standards.","Missing net quantity, non-standard unit symbols (e.g., gms, ltrs, kgs), or short-measure beyond maximum permissible error (MPE)."
LMPCR_R6_1_d,Date Declaration,Rule 6(1)(d),manufacturing_packing_date,The month and year in which the commodity is manufactured or packed or imported must be declared on the package (Format: MM/YYYY or Month Year). Spare parts/accessories for servicing with warranty exempt from 01-04-2024.,"Missing month and year of manufacture/packing/import, or invalid date format, unless explicitly exempted."
LMPCR_R6_1_da,Date Declaration,Rule 6(1)(da),expiry_best_before_date,"If a commodity may become unfit for human consumption after a period of time, 'Best before' or 'Use by' date, month, and year must be declared on the label.",Perishable item lacking 'Best Before' or 'Use By' date/month/year declaration.
LMPCR_R6_1_e,Pricing,Rule 6(1)(e),mrp,Maximum Retail Price (MRP) must be declared clearly indicating 'Maximum retail price Rs. XX.XX (inclusive of all taxes)' or 'MRP Rs. XX.XX incl. of all taxes'. Price rounded to nearest rupee or 50 paise.,"Missing MRP, missing 'inclusive of all taxes' clause, price listed with multiple taxes added separately, or price exceeding maximum retail price."
LMPCR_R6_1_ea,Consumer Care,Rule 6(1)(ea),consumer_care_details,"Every package must declare the name, address, telephone number, and email address of the person or office that can be contacted in case of consumer complaints.","Missing consumer care contact name, postal address, telephone number, or email ID on package."
LMPCR_R6_1_n,Pricing,Rule 6(1)(n),unit_sale_price,"Unit Sale Price (USP) must be declared in Rupees per g/ml (if net qty < 1kg/1L) or per kg/L (if net qty >= 1kg/1L) or per piece. Exempt for combination, group, or multi-piece packages.","Missing Unit Sale Price on eligible single retail package, or incorrect USP calculation."
LMPCR_R6_10,E-Commerce Disclosures,Rule 6(10),e_commerce_declarations,An e-commerce entity must display all mandatory declarations under Rule 6(1) on its digital platform (except month/year of manufacture/packing). Marketplaces must ensure sellers provide this metadata.,"E-commerce product listing missing mandatory declarations (MRP, Net Qty, Manufacturer details, Country of Origin, USP)."
LMPCR_R6_10A,E-Commerce Disclosures,Rule 6(10A),e_commerce_coo_filter,Every e-commerce entity selling imported products shall provide product listings in a searchable and sortable filter specifying the country of origin.,E-commerce website lacking searchable/sortable Country of Origin filter for imported commodities.
LMPCR_R7_2_T1,Typography,Rule 7(2) & Table-I,font_size_height,Minimum height of numerals and letters on PDP: Area A <= 50 cm2: 1.0mm (1.5mm if blown/molded); 50 < A <= 100 cm2: 1.5mm (3.0mm molded); 100 < A <= 500 cm2: 2.5mm (4.0mm molded); 500 < A <= 2500 cm2: 4.0mm (6.0mm molded); A > 2500 cm2: 6.0mm.,Numeral or letter height on Principal Display Panel falls below mandatory minimum height for the given PDP area range.
LMPCR_R7_3,Typography,Rule 7(3),letter_width_ratio,"The width of any letter or numeral in mandatory declarations shall not be less than 1/3 of its height (except numeral '1' and letters 'i', 'I').","Letter or numeral width is compressed to less than 1/3 of its height, rendering text illegible or non-compliant."
LMPCR_R10_1,Mandatory Labeling,Rule 10(1),small_package_address,"Small packages having capacity of 10 cm3 or less are exempt from declaring complete address, but must declare manufacturer/packer/importer name and city/state.","Package capacity > 10 cm3 failing to declare complete postal address with street, city, state, and PIN code."
LMPCR_R18_1,Pricing,Rule 18(1),overcharging_above_mrp,No retail dealer or person shall sell any commodity in packaged form at a price exceeding the retail sale price (MRP) declared on the package.,Retail sale price charged to consumer exceeds the printed MRP declared on package label.
LMPCR_R18_2A,Pricing,Rule 18(2A),duplicate_mrp,No manufacturer or packer or importer shall declare different Maximum Retail Prices (Dual MRP) on an identical pre-packaged commodity by adopting restrictive or unfair trade practices.,Identical pre-packaged commodity sold with dual MRP (different prices for different retail outlets or geographic regions).
LMPCR_R26_a,Exemptions,Rule 26(a),small_quantity_exemption,"Packages containing net quantity of 10g or 10ml or less are exempt from PCR declarations, EXCEPT for tobacco and pan masala products.","Non-tobacco package <= 10g/10ml being cited for non-declaration, or tobacco/pan masala <= 10g omitting mandatory declarations."
LMPCR_R26_f,Exemptions,Rule 26(f),garment_dimensions,"Garments or hosiery items sold in loose form at retail are exempt from full PCR declarations provided package/tag declares size (chest/waist/length in cm/inches), manufacturer name/address, MRP, net qty (1 piece), and consumer care.",Loose garment packaging failing to specify explicit body measurement dimensions (e.g. Chest 102 cm) or mandatory size declarations.
LMA_S36_1,Enforcement Penalties,"Section 36(1), Legal Metrology Act, 2009",non_declaration_penalty,"Manufacturing, packing, importing, or selling pre-packaged commodities without mandatory declarations is a punishable statutory offence.","First offence: Fine up to Rs. 25,000; Second offence: Fine up to Rs. 50,000; Subsequent offence: Fine up to Rs. 1,00,000 or imprisonment up to 1 year, or both."
LMA_S36_2,Enforcement Penalties,"Section 36(2), Legal Metrology Act, 2009",short_quantity_penalty,Manufacturing or packing pre-packaged commodities with non-conforming net quantity (short weight/volume) is a punishable offence.,"Short measure net quantity violation: Fine up to Rs. 10,000 to Rs. 50,000 with potential forfeiture of non-conforming goods."
