id,gsr_number,notification_date,short_title,commencement_date,commencement_status,amendment_type,supersedes_amendment_id,source_id,summary
AMD-2011-202,G.S.R. 202(E),2011-03-07,"Legal Metrology (Packaged Commodities) Rules, 2011 (Principal Rules)",2011-04-01,IN_FORCE,PRINCIPAL,,SRC-001,"Original notification of the Legal Metrology (Packaged Commodities) Rules, 2011."
AMD-2017-629,G.S.R. 629(E),2017-06-23,"Legal Metrology (Packaged Commodities) Amendment Rules, 2017",2018-01-01,IN_FORCE,SUBSTANTIVE,,SRC-026,"Introduces e-commerce definitions; substitutes rule 3 (applicability exclusions); adds rule 6(1)(aa) country-of-origin, 6(1)(da) best-before/use-by, 6(4A) voluntary marks, 6(10) e-commerce declaration duty + intermediary safe harbour; substitutes rule 7(2)/(3) and Table-I letter-height standards; MRP rounding rule in 6(1)(e)."
AMD-2021-779,G.S.R. 779(E),2021-11-02,"Legal Metrology (Packaged Commodities) Amendment Rules, 2021",2024-01-01,IN_FORCE (date moved 9 times - see chain below),SUBSTANTIVE,,SRC-025,"CPA-1986 refs updated to CPA-2019; rule 4 renumbered + new sub-rule(2) grouped/promotional packages; rule 5 omitted; rule 6(1)(d)/(e) reworded; rule 6(11) unit-sale-price format inserted; rule 13(5)(ii); rule 18(2A) CPA-2019 refs, rule 18(7) VAT/TOT -> GST. Originally commenced 1-Apr-2022, its commencement date was pushed back nine more times by the notifications below before finally taking effect 1-Jan-2024."
AMD-2022-226,G.S.R. 226(E),2022-03-28,"Legal Metrology (Packaged Commodities) Amendment Rules, 2022",2022-10-01,SUPERSEDED,MIXED,AMD-2021-779,SRC-003,(1) Postpones AMD-2021-779 commencement 1-Apr-2022 -> 1-Oct-2022. (2) SUBSTANTIVE on its own: substitutes rule 6(11) to the final per-gram/kg/cm/m/ml/l/number unit-sale-price format used today.
AMD-2022-577,G.S.R. 577(E),2022-07-14,"Legal Metrology (Packaged Commodities) (Second Amendment) Rules, 2022",2022-07-14,EXPIRED (1-year transitional window closed),SUBSTANTIVE,,SRC-009,"Transitional (1-year) QR-code declaration option for electronic products manufactured/packed/imported after 15-Jul-2022, in place of printing name/address or generic-name text directly on the package."
AMD-2022-648,G.S.R. 648(E),2022-08-22,"Legal Metrology (Packaged Commodities) (Third Amendment) Rules, 2022",2023-01-01,IN_FORCE,SUBSTANTIVE,,SRC-008,"Inserts rule 26(f): garments/hosiery sold loose/open (consumer can inspect before buying) are exempt from standard package declarations, PROVIDED the product itself bears 4 specific disclosures (manufacturer/brand+COO, consumer-care email/phone, internationally recognizable sizes with metric cm/m, and MRP incl. taxes)."
AMD-2022-747,G.S.R. 747(E),2022-09-30,"Legal Metrology (Packaged Commodities) Amendment (Amendment) Rules, 2022",2022-12-01,SUPERSEDED,COMMENCEMENT_DATE_CHANGE,AMD-2022-226,SRC-004,Postpones AMD-2021-779 commencement 1-Oct-2022 -> 1-Dec-2022.
AMD-2022-859,G.S.R. 859(E),2022-11-30,"Legal Metrology (Packaged Commodities) (Amendment) Rules, 2022",2023-01-01,SUPERSEDED,COMMENCEMENT_DATE_CHANGE,AMD-2022-747,SRC-006,Postpones AMD-2021-779 commencement 1-Dec-2022 -> 1-Jan-2023.
AMD-2022-910,G.S.R. 910(E),2022-12-29,"Legal Metrology (Packaged Commodities) (Amendment) Rules, 2022",2023-02-01,SUPERSEDED,COMMENCEMENT_DATE_CHANGE,AMD-2022-859,,Referenced only in the 'Note' of G.S.R. 60(E) (not directly in the uploaded zip); postpones AMD-2021-779 commencement 1-Jan-2023 -> 1-Feb-2023. NEEDS_SOURCE_UPLOAD to verify wording directly.
AMD-2023-060,G.S.R. 60(E),2023-01-27,"Legal Metrology (Packaged Commodities) Amendment (Amendment) Rules, 2023",2023-04-01,SUPERSEDED,COMMENCEMENT_DATE_CHANGE,AMD-2022-910,SRC-010,Postpones AMD-2021-779 commencement 1-Feb-2023 -> 1-Apr-2023.
AMD-2023-214,G.S.R. 214(E),2023-03-24,"Legal Metrology (Packaged Commodities) Amendment (Amendment) Rules, 2023",2023-06-01,SUPERSEDED,COMMENCEMENT_DATE_CHANGE,AMD-2023-060,SRC-011,Postpones AMD-2021-779 commencement 1-Apr-2023 -> 1-Jun-2023.
AMD-2023-412,G.S.R. 412(E),2023-06-05,"Legal Metrology (Packaged Commodities) (Amendment) Rules, 2023",2023-07-01,SUPERSEDED,COMMENCEMENT_DATE_CHANGE,AMD-2023-214,SRC-017,Postpones AMD-2021-779 commencement 1-Jun-2023 -> 1-Jul-2023.
AMD-2023-463,G.S.R. 463(E),2023-06-28,"Legal Metrology (Packaged Commodities) (Amendment) Rules, 2023",2023-09-01,SUPERSEDED,COMMENCEMENT_DATE_CHANGE,AMD-2023-412,,Referenced only in the 'Note' of G.S.R. 640(E) (not directly in the uploaded zip); postpones AMD-2021-779 commencement 1-Jul-2023 -> 1-Sep-2023. NEEDS_SOURCE_UPLOAD.
AMD-2023-640,G.S.R. 640(E),2023-08-30,"Legal Metrology (Packaged Commodities) (Amendment) Rules, 2023",2023-10-01,SUPERSEDED,COMMENCEMENT_DATE_CHANGE,AMD-2023-463,SRC-018,Postpones AMD-2021-779 commencement 1-Sep-2023 -> 1-Oct-2023.
AMD-2023-714,G.S.R. 714(E),2023-09-30,"Legal Metrology (Packaged Commodities) (Amendment) Rules, 2023",2024-01-01,IN_FORCE,COMMENCEMENT_DATE_CHANGE,AMD-2023-640,SRC-015,Final postponement of AMD-2021-779: 1-Oct-2023 -> 1-Jan-2024 (took effect).
AMD-2023-722,G.S.R. 722(E),2023-10-06,"Legal Metrology (Packaged Commodities) Amendment Rules, 2023",2024-01-01,IN_FORCE,SUBSTANTIVE,,SRC-016,Independent substantive amendment (not a date-postponement): inserts rule 2(ka) 'combination package' and 2(kb) 'group package' definitions with illustrations.
AMD-2025-778,G.S.R. 778(E),2025-10-23,"Legal Metrology (Packaged Commodities) Amendment Rules, 2025",2025-10-23,IN_FORCE,SUBSTANTIVE,,SRC-020,"Medical Devices Rules, 2017 carve-outs: proviso to rule 2(h); provisos to rule 7(2) and 7(3) (letter height/width standards deferred to Medical Devices Rules where applicable); renumbers rule 33 and inserts 33(2) disapplying rule-33 relaxation for medical devices."
AMD-2025-881,G.S.R. 881(E),2025-12-02,"Legal Metrology (Packaged Commodities) Second (Amendment) Rules, 2025",2026-02-01,IN_FORCE,SUBSTANTIVE,,SRC-021,Inserts a further proviso to rule 26(a): the exemption in that clause does NOT apply to pan masala (i.e. pan masala packages cannot rely on that exemption).
AMD-2026-128,G.S.R. 128(E),2026-02-13,"Legal Metrology (Packaged Commodities) Amendment Rules, 2026",2026-07-01,SUPERSEDED,SUBSTANTIVE,,SRC-022,Inserts rule 6(10A): e-commerce entities selling imported products must provide a searchable & sortable country-of-origin filter on the product listing. Superseded in wording (not repealed in spirit) by AMD-2026-312 below.
AMD-2026-312,G.S.R. 312(E),2026-04-27,"Legal Metrology (Packaged Commodities) Second Amendment Rules, 2026",2027-07-01,IN_FORCE (future-dated),SUBSTANTIVE,AMD-2026-128,SRC-023,"Substitutes rule 6(10A) in full: same country-of-origin searchable/sortable filter requirement for e-commerce imported-product listings, but re-timed to commence 1-Jul-2027 instead of 1-Jul-2026."
AMD-2026-418,G.S.R. 418(E),2026-05-29,"Legal Metrology (Packaged Commodities) Third Amendment Rules, 2026",2026-05-29,IN_FORCE,SUBSTANTIVE,,SRC-024,"Inserts rule 4 Explanation-2 (importers may complete mandatory declarations at AEO Tier-2/Tier-3 bonded warehouses, provided all declarations are complete before goods leave the warehouse); inserts rule 27(2)(d) (registration must name the Director responsible for violations) and a rule 27(3) proviso requiring annual updates to registration details."
