rule_id,provision_id,field,description,validation_type,parameters,severity,applicability,effective_from,effective_to,verification_status,notes
LM-CR-001,LM-PCR-R6-1-A,manufacturer_or_importer_name_address,"Package must declare name & address of manufacturer, or manufacturer+packer, or importer.",PRESENCE,{},HIGH,pre_packaged_general,,,VERIFIED_FROM_SOURCE,"Exempt for food articles (use FSSAI rules instead) and, transitionally 15-Jul-2022 to 15-Jul-2023, satisfiable via QR code for electronic products."
LM-CR-001B,LM-PCR-R6-1-A,manufacturer_or_importer_name_address,"For food articles, this declaration is governed by the Food Safety and Standards Act, 2006 instead of PCR rule 6(1)(a).",CONDITIONAL,"{""condition"": ""category == pre_packaged_food"", ""action"": ""defer_to_fssai""}",MEDIUM,pre_packaged_food,,,VERIFIED_FROM_SOURCE,
LM-CR-002,LM-PCR-R6-1-AA,country_of_origin,Imported products must declare country of origin/manufacture/assembly on the package.,PRESENCE,{},HIGH,imported_products,2018-01-01,,VERIFIED_FROM_SOURCE,
LM-CR-003,LM-PCR-R6-1-B,common_generic_name,Package must declare the common/generic name of the commodity.,PRESENCE,{},HIGH,pre_packaged_general,,,VERIFIED_FROM_SOURCE,
LM-CR-004,LM-PCR-R6-1-C,net_quantity,Package must declare net quantity in standard units (weight/measure/number).,PRESENCE,{},HIGH,pre_packaged_general,,,DRAFT,Exact rule-8/9 small-package exemption thresholds NOT verified this session - do not auto-fail packages under suspected exemption size until LM-PCR-R8/R9 stubs are resolved.
LM-CR-004B,LM-PCR-R6-1-C,net_quantity_unit,Net quantity unit must be a recognized standard unit (g/kg/ml/l/cm/m/number).,UNIT,"{""allowed_units"": [""g"", ""kg"", ""ml"", ""l"", ""cm"", ""m"", ""number""]}",MEDIUM,pre_packaged_general,,,DRAFT,
LM-CR-005,LM-PCR-R6-1-D,manufacture_pack_import_date,Package must declare month and year of manufacture/pack/import.,DATE,"{""format"": ""MM/YYYY""}",HIGH,pre_packaged_general,,,DRAFT,"Wording tightened by AMD-2021-779; exact current text needs verification (see LM-PCR-R6-1-D provision note). Known exemptions (per project docs, unverified this session): PSU-filled 14.2kg/5kg domestic LPG cylinders; bidi/agarbatti packages."
LM-CR-005B,LM-PCR-R6-1-D,manufacture_pack_import_date,"LPG cylinders (PSU-filled, 14.2kg or 5kg domestic) and bidi/agarbatti packages are exempt from the manufacture-date declaration.",CONDITIONAL,"{""exempt_if"": ""category in [lpg_cylinder_bidi_agarbatti]""}",LOW,lpg_cylinder_bidi_agarbatti,,,NEEDS_SOURCE_VERIFICATION,Referenced in Stage-1 project notes from an OCR read of SRC-001 p.6; re-verify exact wording before activating.
LM-CR-006,LM-PCR-R6-1-DA,best_before_use_by,Perishable/time-limited commodities must declare 'best before' or 'use by' date/month/year.,DATE,"{""format"": ""DD/MM/YYYY or MM/YYYY""}",MEDIUM,pre_packaged_food,2018-01-01,,VERIFIED_FROM_SOURCE,Does not apply if another law already covers it (e.g. FSSAI shelf-life rules for food).
LM-CR-007,LM-PCR-R6-1-E,mrp,Package must declare MRP.,PRESENCE,{},HIGH,pre_packaged_general,,,VERIFIED_FROM_SOURCE,
LM-CR-007B,LM-PCR-R6-1-E,mrp_label_format,"MRP text must clearly state it is the Maximum Retail Price, inclusive of all taxes, in Indian currency (e.g. 'MRP Rs. xx.xx (incl. of all taxes)').",FORMAT,"{""required_phrases_any_of"": [""maximum retail price"", ""MRP""], ""required_phrase_all"": [""inclusive of all taxes""], ""currency"": ""INR""}",HIGH,pre_packaged_general,,,VERIFIED_FROM_SOURCE,
LM-CR-007C,LM-PCR-R6-1-E,mrp_rounding,MRP in rupees/paise must be rounded to the nearest rupee or 50 paise.,NUMERIC,"{""rounding_increment"": 0.5, ""currency"": ""INR""}",MEDIUM,pre_packaged_general,,,VERIFIED_FROM_SOURCE,
LM-CR-007D,LM-PCR-R6-1-E,mrp,"Alcoholic beverages / spirituous liquor: MRP follows State Excise law (within the manufacturing state), where that law itself provides for a retail-price declaration; otherwise PCR rule 6(1)(e) applies.",CONDITIONAL,"{""condition"": ""category == alcoholic_beverages"", ""action"": ""defer_to_state_excise_law_if_applicable""}",MEDIUM,alcoholic_beverages,,,VERIFIED_FROM_SOURCE,
LM-CR-007E,LM-PCR-R6-1-E,mrp,"Essential commodities with a price fixed/notified by a competent authority under the Essential Commodities Act, 1955 must display that notified price as MRP.",CONDITIONAL,"{""condition"": ""price_fixed_by_competent_authority == true"", ""action"": ""use_notified_price""}",MEDIUM,"pre_packaged_general,pharma_price_controlled",,,VERIFIED_FROM_SOURCE,
LM-CR-008,LM-PCR-R6-4A,voluntary_marks,Barcode/GTIN/QR code and authorised Government scheme logos (e.g. Swachh Bharat Mission) MAY optionally be present in addition to mandatory declarations - their presence/absence is not itself a compliance signal.,PRESENCE,"{""mandatory"": false}",LOW,pre_packaged_general,2018-01-01,,VERIFIED_FROM_SOURCE,
LM-CR-009,LM-PCR-R6-10,ecommerce_mandatory_declarations_displayed,E-commerce listing must display all rule 6(1) mandatory declarations except manufacture month/year.,PRESENCE,"{""exclude_field"": ""manufacture_pack_import_date""}",HIGH,e_commerce_listing,2018-01-01,,VERIFIED_FROM_SOURCE,
LM-CR-009B,LM-PCR-R6-10,ecommerce_intermediary_liability,"In a marketplace model, declaration-correctness liability sits with manufacturer/seller/dealer/importer, not the platform, UNLESS the platform actively participated in the violation or failed to act on actual notice - informational rule for officer review workflow, not an auto PASS/FAIL check on a package.",CONDITIONAL,{},LOW,e_commerce_listing,2018-01-01,,VERIFIED_FROM_SOURCE,
LM-CR-010,LM-PCR-R6-10A,ecommerce_coo_filter,E-commerce listings of imported products must provide a searchable & sortable country-of-origin filter.,PRESENCE,{},HIGH,"e_commerce_listing,imported_products",2027-07-01,,VERIFIED_FROM_SOURCE,"Superseding chain: AMD-2026-128 (eff. 1-Jul-2026) was itself replaced by AMD-2026-312 before its effective date arrived, re-timing this to 1-Jul-2027. Do not activate before that date."
LM-CR-011,LM-PCR-R6-11,unit_sale_price,"Unit sale price must be declared, rounded to 2 decimal places, using the correct basis (per gram/kg, per cm/m, per ml/l, or per number) depending on net quantity magnitude and unit type.",NUMERIC,"{""decimal_places"": 2, ""basis_rules"": [{""if_unit"": ""g"", ""if_qty_lt"": 1000, ""declare_as"": ""per gram""}, {""if_unit"": ""g"", ""if_qty_gte"": 1000, ""declare_as"": ""per kilogram""}, {""if_unit"": ""cm"", ""if_qty_lt"": 100, ""declare_as"": ""per centimetre""}, {""if_unit"": ""cm"", ""if_qty_gte"": 100, ""declare_as"": ""per metre""}, {""if_unit"": ""ml"", ""if_qty_lt"": 1000, ""declare_as"": ""per millilitre""}, {""if_unit"": ""ml"", ""if_qty_gte"": 1000, ""declare_as"": ""per litre""}, {""if_unit"": ""number"", ""declare_as"": ""per number""}]}",MEDIUM,pre_packaged_general,,,VERIFIED_FROM_SOURCE,Alcoholic beverages/spirituous liquor follow State Excise law instead (see LM-CR-007D pattern).
LM-CR-012,LM-PCR-R7-2,declaration_letter_height,Numerals/letters in declarations must meet the minimum height specified in Table-I for the package's Principal Display Panel area.,DIMENSION,"{""table_ref"": ""PCR_2011_Table_I"", ""unit"": ""mm"", ""keyed_to"": ""principal_display_panel_area_cm2""}",MEDIUM,pre_packaged_general,2018-01-01,,NEEDS_SOURCE_VERIFICATION,Table-I numeric thresholds by PDP-area band were visible in OCR but not fully transcribed this session - transcribe from SRC-026 pp.10-11 before activating as a hard FAIL check.
LM-CR-012B,LM-PCR-R7-2,declaration_letter_height,"For medical-device packages, letter-height standard is instead governed by the Medical Devices Rules, 2017.",CONDITIONAL,"{""condition"": ""category == medical_devices"", ""action"": ""defer_to_medical_devices_rules""}",MEDIUM,medical_devices,2025-10-23,,VERIFIED_FROM_SOURCE,
LM-CR-013,LM-PCR-R7-3,declaration_letter_width,Letter/numeral width must be >= 1/3 of its height (except numeral '1' and letters i/I/l).,DIMENSION,"{""min_width_ratio_of_height"": 0.3333, ""exceptions"": [""1"", ""i"", ""I"", ""l""]}",LOW,pre_packaged_general,2018-01-01,,VERIFIED_FROM_SOURCE,
LM-CR-013B,LM-PCR-R7-3,declaration_letter_width,"For medical-device packages, letter-width standard is instead governed by the Medical Devices Rules, 2017.",CONDITIONAL,"{""condition"": ""category == medical_devices"", ""action"": ""defer_to_medical_devices_rules""}",MEDIUM,medical_devices,2025-10-23,,VERIFIED_FROM_SOURCE,
LM-CR-014,LM-PCR-R3,applicability_gate_bulk,Packages > 25 kg or > 25 litre are OUT OF SCOPE for Chapter II retail-sale declarations entirely (do not run rule 6/7 checks).,APPLICABILITY_EXCLUSION,"{""exclude_if"": ""net_quantity_kg > 25 or net_quantity_l > 25""}",HIGH,bulk_over_25kg,,,VERIFIED_FROM_SOURCE,
LM-CR-015,LM-PCR-R3,applicability_gate_bulk_bags,"Cement, fertilizer, and agricultural farm produce sold in bags ABOVE 50 kg are OUT OF SCOPE. Farm produce packages of 50 kg or below ARE in scope (confirmed by DCA advisory).",APPLICABILITY_EXCLUSION,"{""exclude_if"": ""category in [cement, fertilizer, farm_produce] and bag_weight_kg > 50""}",HIGH,farm_produce,,,VERIFIED_FROM_SOURCE,
LM-CR-016,LM-PCR-R3,applicability_gate_institutional,Packaged commodities meant for industrial consumers or institutional consumers are OUT OF SCOPE for Chapter II.,APPLICABILITY_EXCLUSION,"{""exclude_if"": ""buyer_type in [industrial_consumer, institutional_consumer]""}",HIGH,industrial_institutional,,,VERIFIED_FROM_SOURCE,
LM-CR-017,LM-PCR-R4-2,group_promotional_package_compliance,Every individual package inside a promotional group/combo must independently satisfy rule 6 declarations - grouping does not create an exemption.,CROSS_FIELD,"{""applies_to"": ""each_member_package""}",MEDIUM,combination_group_package,2024-01-01,,VERIFIED_FROM_SOURCE,
LM-CR-018,LM-PCR-R13-5-II,quantity_by_number_wording,"For items sold by number, use one of: number/unit/piece/pair/set (or equivalent word) to represent package quantity.",FORMAT,"{""allowed_terms"": [""number"", ""unit"", ""piece"", ""pair"", ""set""]}",LOW,pre_packaged_general,2024-01-01,,VERIFIED_FROM_SOURCE,
LM-CR-019,LM-PCR-R26-C,exemption_drug_price_control,"Packages of scheduled/non-scheduled formulations under the Drugs (Price Control) Order, 2013 are exempt from PCR declarations, EXCEPT medical devices declared as drugs (no exemption for those).",APPLICABILITY_EXCLUSION,"{""exclude_if"": ""category == pharma_price_controlled and not is_medical_device_declared_as_drug""}",MEDIUM,pharma_price_controlled,,,VERIFIED_FROM_SOURCE,
LM-CR-020,LM-PCR-R26-F,loose_garment_exemption_conditions,"Loose/open garments & hosiery are exempt from standard packaging declarations ONLY if the product itself bears: manufacturer/brand+COO, consumer-care email+phone, internationally recognizable size (S/M/L/XL/XXL/XXXL) with metric cm/m detail, and MRP incl. all taxes. If sold via e-commerce, the same 4 items must also appear on the online listing.",CONDITIONAL,"{""exempt_only_if_all_present"": [""manufacturer_brand_coo"", ""consumer_care_contact"", ""size_with_metric"", ""mrp_incl_taxes""]}",HIGH,garments_hosiery,2023-01-01,,VERIFIED_FROM_SOURCE,
LM-CR-021,LM-PCR-R26-A,pan_masala_no_exemption,Pan masala packages CANNOT rely on the general exemption in rule 26(a) - standard declaration rules apply in full.,APPLICABILITY_EXCLUSION,"{""force_include_if"": ""category == pan_masala""}",HIGH,pan_masala,2026-02-01,,VERIFIED_FROM_SOURCE,
LM-CR-022,LM-PCR-R4-EXP2,bonded_warehouse_declaration_timing,"Importers using AEO Tier-2/Tier-3 bonded warehouses may complete mandatory declarations there, PROVIDED all declarations are complete before the retail packages leave the bonded warehouse - a package leaving the warehouse incomplete is a violation regardless of import-stage timing excuses.",CONDITIONAL,"{""deadline_event"": ""leaves_bonded_warehouse"", ""requires"": ""all_mandatory_declarations_complete""}",MEDIUM,imported_products,2026-05-29,,VERIFIED_FROM_SOURCE,
LM-CR-023,LM-PCR-R27-2-D,registration_responsible_director_named,Manufacturer/packer/importer registration record must name the Director responsible for violations under the Act/rules.,PRESENCE,{},MEDIUM,pre_packaged_general,2026-05-29,,VERIFIED_FROM_SOURCE,"This is a registration-record check (officer-dashboard / registry data), not a per-package OCR check."
LM-CR-024,LM-PCR-R27-3-PROV,registration_annual_update,Registered company/firm details must be updated annually via the online portal if any particular has changed.,PRESENCE,"{""cadence"": ""annual""}",LOW,pre_packaged_general,2026-05-29,,VERIFIED_FROM_SOURCE,"Registry/administrative check, not a per-package OCR check."
LM-CR-025,LM-PCR-R33-2,medical_device_relaxation_disapplied,"Where the Medical Devices Rules, 2017 apply to a package, the general rule-33 relaxation does NOT apply - do not grant any rule-33-based leniency to medical-device packages.",APPLICABILITY_EXCLUSION,"{""exclude_relaxation_if"": ""category == medical_devices""}",MEDIUM,medical_devices,2025-10-23,,VERIFIED_FROM_SOURCE,
