provision_id,rule_number,sub_rule,clause,parent_provision_id,title,legal_text,chapter,status,effective_from,effective_to,introduced_by_amendment_id,last_amended_by_amendment_id,source_id,source_page,verification_status,confidence
LM-PCR-R1,1,,,,"Short title, extent and commencement","Short title: the Legal Metrology (Packaged Commodities) Rules, 2011. Came into force 1 April 2011.",I - Preliminary,ACTIVE,2011-04-01,,AMD-2011-202,,SRC-001,1,VERIFIED_FROM_SOURCE,HIGH
LM-PCR-R2,2,,,,Definitions,,I - Preliminary,ACTIVE,,,AMD-2011-202,,SRC-001,,VERIFIED_FROM_SOURCE,HIGH
LM-PCR-R2-AA,2,,aa,LM-PCR-R2,Definition: 'Consumer',"Has the meaning assigned in clause (7) of section 2 of the Consumer Protection Act, 2019 (originally clause (d), sub-section 1, section 2 of the Consumer Protection Act, 1986).",I - Preliminary,ACTIVE,,,AMD-2017-629,AMD-2021-779,SRC-025,,VERIFIED_FROM_SOURCE,HIGH
LM-PCR-R2-BC,2,,bc,LM-PCR-R2,Definition: 'institutional consumer',"The institution which buys packaged commodities bearing a declaration 'not for retail sale', directly from the manufacturer/importer/wholesale dealer for use by that institution and not for commercial or trade purposes.",I - Preliminary,ACTIVE,,,AMD-2017-629,,SRC-026,,VERIFIED_FROM_SOURCE,HIGH
LM-PCR-R2-BD,2,,bd,LM-PCR-R2,Definition: 'E-commerce',Buying and selling of goods and services including digital products over digital and electronic network.,I - Preliminary,ACTIVE,,,AMD-2017-629,,SRC-026,,VERIFIED_FROM_SOURCE,HIGH
LM-PCR-R2-BE,2,,be,LM-PCR-R2,Definition: 'E-commerce entity',A company incorporated under the Companies Act 1956/2013 or a foreign company / branch / agency in India conducting e-commerce business.,I - Preliminary,ACTIVE,,,AMD-2017-629,,SRC-026,,VERIFIED_FROM_SOURCE,HIGH
LM-PCR-R2-BF,2,,bf,LM-PCR-R2,Definition: 'marketplace based model of e-commerce',Provision of an information-technology platform by an e-commerce entity on a digital/electronic network to act as a facilitator between buyer and seller.,I - Preliminary,ACTIVE,,,AMD-2017-629,,SRC-026,,VERIFIED_FROM_SOURCE,HIGH
LM-PCR-R2-M,2,,m,LM-PCR-R2,Definition: 'retail sale price',"The maximum price at which the commodity in packaged form may be sold to the consumer, inclusive of all taxes.",I - Preliminary,ACTIVE,,,AMD-2017-629,,SRC-026,,VERIFIED_FROM_SOURCE,HIGH
LM-PCR-R2-KA,2,,ka,LM-PCR-R2,Definition: 'combination package',A package intended for retail sale containing two or more individual packages/pieces of dissimilar commodities (e.g. spoons+knives+forks+cups+napkins together).,I - Preliminary,ACTIVE,2024-01-01,,AMD-2023-722,,SRC-016,,VERIFIED_FROM_SOURCE,HIGH
LM-PCR-R2-KB,2,,kb,LM-PCR-R2,Definition: 'group package',"A package intended for retail sale containing two or more individual packages/pieces of similar but not identical commodities (differing in weight/measure/volume/appearance/quality) - e.g. assorted sponges of different sizes, or assorted biscuits.",I - Preliminary,ACTIVE,2024-01-01,,AMD-2023-722,,SRC-016,,VERIFIED_FROM_SOURCE,HIGH
LM-PCR-R2-H,2,,h,LM-PCR-R2,Definition clause (h) - medical devices proviso,"Proviso: for packages containing medical devices, the Medical Devices Rules, 2017 apply to make declarations (instead of / in addition to this clause).",I - Preliminary,ACTIVE,,,AMD-2025-778,,SRC-020,,NEEDS_SOURCE_VERIFICATION,MEDIUM
LM-PCR-R3,3,,,,Application of Chapter (exclusions),"The provisions of this Chapter shall not apply to: (a) packages of commodities containing quantity of more than 25 kilogram or 25 litre; (b) cement, fertilizer and agricultural farm produce sold in bags above 50 kilogram; and (c) packaged commodities meant for industrial consumers or institutional consumers.",II - Retail sale packages,ACTIVE,,,AMD-2017-629,,SRC-026,6,VERIFIED_FROM_SOURCE,HIGH
LM-PCR-R4,4,1,,,"Application (grouped promotional packages, renumbered)",Renumbered as sub-rule (1) by AMD-2021-779; original single-paragraph rule 4 content not captured verbatim in this pass.,II - Retail sale packages,ACTIVE,,,AMD-2011-202,AMD-2021-779,SRC-025,,NEEDS_SOURCE_VERIFICATION,MEDIUM
LM-PCR-R4-2,4,2,,LM-PCR-R4,Grouped/promotional packages must each comply with Rule 6,"When one or more packages intended for retail sale are grouped together for being sold as a retail package on promotional offer, every package of the group shall comply with the provisions of rule 6.",II - Retail sale packages,ACTIVE,2024-01-01,,AMD-2021-779,,SRC-025,,VERIFIED_FROM_SOURCE,HIGH
LM-PCR-R4-EXP2,4,,Explanation-2,LM-PCR-R4,Bonded-warehouse (AEO Tier-2/3) declaration timing,"For removal of doubt, importers may make mandatory declarations at bonded warehouses of Authorised Economic Operator Tier-2/Tier-3 certified operators in India, PROVIDED all mandatory declarations under these rules are complete before the retail packages leave that bonded warehouse.",II - Retail sale packages,ACTIVE,2026-05-29,,AMD-2026-418,,SRC-024,,VERIFIED_FROM_SOURCE,HIGH
LM-PCR-R5,5,,,,[OMITTED],Rule 5 was omitted in its entirety.,II - Retail sale packages,OMITTED,,2024-01-01,AMD-2011-202,AMD-2021-779,SRC-025,,VERIFIED_FROM_SOURCE,HIGH
LM-PCR-R6,6,,,,Declarations to be made on every package,"Every pre-packaged commodity must carry a defined set of mandatory declarations; the specific sub-clauses are modelled individually below (6(1)(a)/(aa)/(b)/(c)/(d)/(da)/(e), 6(4A), 6(10), 6(10A), 6(11)).",II - Retail sale packages,ACTIVE,,,AMD-2011-202,,SRC-026,,VERIFIED_FROM_SOURCE,HIGH
LM-PCR-R6-1-A,6,1,a,LM-PCR-R6,Name & address of manufacturer/packer/importer,"Name and address of the manufacturer, or where the manufacturer is not the packer, the name and address of the manufacturer and packer, or name and address of the importer. Explanation III: for food articles, this clause does not apply - instead the Food Safety and Standards Act, 2006 and rules thereunder apply. A proviso (2022, electronics only, 1-year transitional window from 15-Jul-2022) allowed a QR-code alternative to printing this on-package.",II - Retail sale packages,ACTIVE,,,AMD-2011-202,AMD-2022-577,SRC-026,,VERIFIED_FROM_SOURCE,HIGH
LM-PCR-R6-1-AA,6,1,aa,LM-PCR-R6,Country of origin / manufacture / assembly,"The name of the country of origin, manufacture, or assembly (in the case of imported products) shall be mentioned on the package.",II - Retail sale packages,ACTIVE,2018-01-01,,AMD-2017-629,,SRC-026,,VERIFIED_FROM_SOURCE,HIGH
LM-PCR-R6-1-B,6,1,b,LM-PCR-R6,Common or generic name of the commodity,"The common or generic name of the commodity contained in the package. A proviso (2022, electronics only, transitional) allowed a QR-code alternative to printing this on-package.",II - Retail sale packages,ACTIVE,,,AMD-2011-202,AMD-2022-577,SRC-026,,VERIFIED_FROM_SOURCE,HIGH
LM-PCR-R6-1-C,6,1,c,LM-PCR-R6,Net quantity,"The net quantity, in terms of standard units of weight, measure, or number, of the commodity contained in the package.",II - Retail sale packages,ACTIVE,,,AMD-2011-202,,SRC-001,,NEEDS_SOURCE_VERIFICATION,MEDIUM
LM-PCR-R6-1-D,6,1,d,LM-PCR-R6,Month and year of manufacture/pack/import,"The month and year in which the commodity is manufactured, or pre-packed, or imported, shall be mentioned on the package (2021 amendment removed the words 'or pre-packed or imported' from this clause's qualifying text - net effect: verify exact current wording against principal rules before treating as VERIFIED).",II - Retail sale packages,ACTIVE,,,AMD-2011-202,AMD-2021-779,SRC-025,,NEEDS_SOURCE_VERIFICATION,MEDIUM
LM-PCR-R6-1-DA,6,1,da,LM-PCR-R6,Best-before / use-by date,"If a package contains a commodity which may become unfit for human consumption after a period of time, the 'best before or use by the date, month and year' shall also be mentioned on the label (does not apply if another law already provides for this).",II - Retail sale packages,ACTIVE,2018-01-01,,AMD-2017-629,,SRC-026,,VERIFIED_FROM_SOURCE,HIGH
LM-PCR-R6-1-E,6,1,e,,Retail Sale Price (MRP),"The retail sale price of the package shall clearly indicate that it is the maximum retail price inclusive of all taxes, in Indian currency, and the price in rupees and paise shall be rounded off to the nearest rupee or 50 paise. Exceptions: alcoholic beverages/spirituous liquor follow applicable State Excise law where that law itself provides for a retail-price declaration; and any essential commodity whose price is fixed/notified by a competent authority under the Essential Commodities Act, 1955 follows that notified price instead.",II - Retail sale packages,ACTIVE,,,AMD-2011-202,AMD-2021-779,SRC-014,1,VERIFIED_FROM_SOURCE,HIGH
LM-PCR-R6-4A,6,4A,,LM-PCR-R6,Voluntary additional declarations permitted,"Nothing in this rule precludes a manufacturer/packer/importer from ALSO declaring, in addition to the mandatory declarations: (a) Barcode/GTIN/QR Code; (b) an 'e-code' for net-quantity assurance (after obtaining it as specified by the Central Government); (c) logos of Government schemes such as Swachh Bharat Mission, where authorised.",II - Retail sale packages,ACTIVE,2018-01-01,,AMD-2017-629,,SRC-026,,VERIFIED_FROM_SOURCE,HIGH
LM-PCR-R6-10,6,10,,LM-PCR-R6,E-commerce entities must display mandatory declarations,"An e-commerce entity shall ensure the mandatory declarations under sub-rule (1) - except the month/year of manufacture - are displayed on the digital/electronic network used for the e-commerce transaction. In a marketplace model, responsibility for correctness of the declarations lies with the manufacturer/seller/dealer/importer (not the platform) if the platform is a passive intermediary under IT Act, 2000 due-diligence standards; this safe harbour is lost if the platform conspired/abetted the unlawful act, or failed to act on actual notice. This does not exempt anyone from making the required declarations on physical packages delivered to consumers.",II - Retail sale packages,ACTIVE,2018-01-01,,AMD-2017-629,,SRC-026,,VERIFIED_FROM_SOURCE,HIGH
LM-PCR-R6-10A,6,10A,,LM-PCR-R6,E-commerce country-of-origin searchable/sortable filter (imported products),Every e-commerce entity offering for sale any imported product shall ensure the product listing of such imported product contains a searchable and sortable filter specifying the country of origin.,II - Retail sale packages,ACTIVE,2027-07-01,,AMD-2026-128,AMD-2026-312,SRC-023,,VERIFIED_FROM_SOURCE,HIGH
LM-PCR-R6-11,6,11,,LM-PCR-R6,Unit sale price declaration,"The unit sale price in rupees, rounded off to the nearest two decimal places, shall be declared on every pre-packaged commodity as follows: (i) per gram if net quantity < 1 kg, per kilogram if >= 1 kg; (ii) per centimetre if net length < 1 m, per metre if >= 1 m; (iii) per millilitre if net volume < 1 litre, per litre if >= 1 litre; (iv) per number/unit if sold by number or unit. Alcoholic beverages/spirituous liquor follow applicable State Excise law within the manufacturing State.",II - Retail sale packages,ACTIVE,,,AMD-2021-779,AMD-2022-226,SRC-003,,VERIFIED_FROM_SOURCE,HIGH
LM-PCR-R7,7,,,,Manner in which declarations are to be made,,II - Retail sale packages,ACTIVE,,,AMD-2011-202,,SRC-026,,VERIFIED_FROM_SOURCE,HIGH
LM-PCR-R7-2,7,2,,LM-PCR-R7,Minimum height of numerals/letters (Table-I),"The height of any numeral and letter in a required declaration shall be at least the minimum specified in Table-I, keyed to the area (in cm^2) of the package's Principal Display Panel. A 2025 proviso disapplies this in favour of the Medical Devices Rules, 2017 for medical-device packages.",II - Retail sale packages,ACTIVE,2018-01-01,,AMD-2017-629,AMD-2025-778,SRC-026,,VERIFIED_FROM_SOURCE,HIGH
LM-PCR-R7-3,7,3,,LM-PCR-R7,Minimum width of numerals/letters,"The width of the letter or numeral shall not be less than one-third of its height, except for the numeral '1' and letters such as 'i', 'I', 'l'. A 2025 proviso disapplies this in favour of the Medical Devices Rules, 2017 for medical-device packages.",II - Retail sale packages,ACTIVE,2018-01-01,,AMD-2017-629,AMD-2025-778,SRC-026,,VERIFIED_FROM_SOURCE,HIGH
LM-PCR-R8,8,,,,Exemption for small packages [STUB - needs verification],"Widely documented as covering small-package exemptions (e.g. packages of net quantity <=10 g / <=10 ml), but exact current wording was NOT captured from these PDFs in this session. DO NOT treat as ACTIVE in the compliance engine until the relevant page of SRC-001 (principal rules, ~pp.7-10) is OCR'd/translated and verified.",II - Retail sale packages,ACTIVE,,,AMD-2011-202,,SRC-001,,NEEDS_SOURCE_VERIFICATION,LOW
LM-PCR-R9,9,,,,"[STUB - not captured, needs verification]","Referenced in project design notes as covering net-quantity declaration methodology, but not evidenced in the text extracted this session. NEEDS_SOURCE_VERIFICATION against SRC-001.",II - Retail sale packages,ACTIVE,,,AMD-2011-202,,SRC-001,,NEEDS_SOURCE_VERIFICATION,LOW
LM-PCR-R11,11,,,,"[STUB - not captured, needs verification]",Not evidenced in the text extracted this session. NEEDS_SOURCE_VERIFICATION against SRC-001.,II - Retail sale packages,ACTIVE,,,AMD-2011-202,,SRC-001,,NEEDS_SOURCE_VERIFICATION,LOW
LM-PCR-R13-5-II,13,5,ii,,Declaration for items sold by number,"For items sold by number, the number, unit, piece, pair, set, or such other word representing the quantity in the package shall be mentioned.",II - Retail sale packages,ACTIVE,2024-01-01,,AMD-2021-779,,SRC-025,,VERIFIED_FROM_SOURCE,HIGH
LM-PCR-R18,18,,,,Declarations on wholesale packages,,III - Wholesale packages,ACTIVE,,,AMD-2011-202,,SRC-025,,VERIFIED_FROM_SOURCE,HIGH
LM-PCR-R18-2A,18,2A,,LM-PCR-R18,Wholesale package - Consumer Protection Act cross-references,"Cross-references clauses (41) and (47) of section 2 of the Consumer Protection Act, 2019 (updated from the corresponding 1986-Act clauses).",III - Wholesale packages,ACTIVE,,,AMD-2011-202,AMD-2021-779,SRC-025,,VERIFIED_FROM_SOURCE,HIGH
LM-PCR-R18-7,18,7,,LM-PCR-R18,Wholesale package - tax terminology (GST),References 'Goods and Service Tax' (updated from the pre-GST terms 'Value Added Tax (VAT)' and 'Turnover Tax (TOT)').,III - Wholesale packages,ACTIVE,,,AMD-2011-202,AMD-2021-779,SRC-025,,VERIFIED_FROM_SOURCE,HIGH
LM-PCR-R26,26,,,,Exemption in respect of certain packages,Nothing in these rules applies to a package containing a commodity if any of the listed clauses (a)-(f) apply; several clauses have since been narrowed by amendment (see child rows).,II - Retail sale packages,ACTIVE,,,AMD-2011-202,,SRC-008,,VERIFIED_FROM_SOURCE,HIGH
LM-PCR-R26-A,26,,a,LM-PCR-R26,Exemption clause (a) - with pan-masala carve-out,General exemption clause (a) (exact original wording not captured verbatim this session); a further proviso inserted in 2025 clarifies that the exemption under this clause does NOT apply to pan masala.,II - Retail sale packages,ACTIVE,,,AMD-2011-202,AMD-2025-881,SRC-021,,NEEDS_SOURCE_VERIFICATION,MEDIUM
LM-PCR-R26-C,26,,c,LM-PCR-R26,Exemption clause (c) - Drug Price Control Order formulations,"Exempts packages containing scheduled and non-scheduled formulations covered under the Drugs (Price Control) Order, 2013 (made under the Essential Commodities Act, 1955); PROVIDED that no exemption applies to medical devices declared as drugs.",II - Retail sale packages,ACTIVE,,,AMD-2011-202,,SRC-014,,VERIFIED_FROM_SOURCE,HIGH
LM-PCR-R26-F,26,,f,LM-PCR-R26,Exemption clause (f) - loose garments/hosiery,"Exempts a garment or hosiery commodity sold loose/open at the point of sale (where the consumer can inspect before buying), PROVIDED the product itself bears: (i) name & address of manufacturer/marketer/brand-owner/importer with country of origin/manufacture if imported; (ii) consumer-care email id and phone number; (iii) sizes with internationally recognizable indicators (S/M/L/XL/XXL/XXXL) plus metric cm/m detail; (iv) MRP inclusive of all taxes in Indian currency. Applies only to finished products; must additionally be displayed on the e-commerce listing if sold online; sellers may voluntarily comply before the effective date.",II - Retail sale packages,ACTIVE,2023-01-01,,AMD-2022-648,,SRC-008,,VERIFIED_FROM_SOURCE,HIGH
LM-PCR-R27,27,,,,Registration of manufacturers/packers/importers,,IV - Registration & Miscellaneous,ACTIVE,,,AMD-2011-202,,SRC-024,,NEEDS_SOURCE_VERIFICATION,MEDIUM
LM-PCR-R27-2-D,27,2,d,LM-PCR-R27,Registration must name the responsible Director,Registration particulars for a company/firm must include the name of the Director of the company responsible for violations under the Act and rules made thereunder.,IV - Registration & Miscellaneous,ACTIVE,2026-05-29,,AMD-2026-418,,SRC-024,,VERIFIED_FROM_SOURCE,HIGH
LM-PCR-R27-3-PROV,27,3,,LM-PCR-R27,Annual update of registration details,"A company/firm shall update its registration details annually, including any change in particulars; an option shall be made available on the online portal for this annual update (address, products, and related particulars).",IV - Registration & Miscellaneous,ACTIVE,2026-05-29,,AMD-2026-418,,SRC-024,,VERIFIED_FROM_SOURCE,HIGH
LM-PCR-R33,33,1,,,Power to grant relaxation [STUB - needs verification],Renumbered as sub-rule (1) by the 2025 amendment; original text describing what relaxation is granted and under what conditions was not captured verbatim this session. NEEDS_SOURCE_VERIFICATION against SRC-001/relevant earlier amendment.,IV - Registration & Miscellaneous,ACTIVE,,,AMD-2011-202,AMD-2025-778,SRC-020,,NEEDS_SOURCE_VERIFICATION,LOW
LM-PCR-R33-2,33,2,,LM-PCR-R33,Rule-33 relaxation disapplied for medical devices,"In case the Medical Devices Rules, 2017 are applicable to a package, the relaxation otherwise given under rule 33 shall NOT apply.",IV - Registration & Miscellaneous,ACTIVE,2025-10-23,,AMD-2025-778,,SRC-020,,VERIFIED_FROM_SOURCE,HIGH
