category_id,name,description
pre_packaged_general,Pre-packaged commodity (general),"Default category: any retail-sale pre-packaged commodity not covered by a more specific category below, and not excluded by rule 3."
pre_packaged_food,Pre-packaged food article,"Food articles - declarations under rule 6(1)(a) name/address are carved out in favour of the Food Safety and Standards Act, 2006 (Explanation III to 6(1)(a))."
cosmetics,Cosmetics,"Packages containing cosmetic products - Drugs & Cosmetics Rules, 1945 apply alongside PCR (per project notes; not independently re-verified this session)."
medical_devices,Medical devices,"Packages containing medical devices - Medical Devices Rules, 2017 govern declarations (rule 2(h) proviso), letter height/width (rule 7(2)/(3) provisos), and rule-33 relaxation is disapplied (rule 33(2))."
pharma_price_controlled,Price-controlled pharmaceutical formulations,"Scheduled/non-scheduled formulations under the Drugs (Price Control) Order, 2013 - exempt under rule 26(c), EXCEPT medical devices declared as drugs."
garments_hosiery,Garments / hosiery,Garment or hosiery commodities; rule 26(f) permits loose/open sale exempt from standard packaging declarations subject to 4 on-product disclosures.
pan_masala,Pan masala,"Pan masala packages - rule 26(a)'s general exemption explicitly does NOT apply (2025 amendment, effective 1-Feb-2026)."
edible_oil_fats,Edible oils & fats,Subject to the DCA's dedicated Net Quantity Determination SOP (SRC-019).
electronic_products,Electronic products,"Had a transitional (now expired) QR-code alternative for name/address and generic-name declarations (rule 6(1)(a)/(b) provisos, AMD-2022-577)."
alcoholic_beverages,Alcoholic beverages / spirituous liquor,"MRP and unit-sale-price declarations follow applicable State Excise law within the manufacturing state, where that law itself provides for such a declaration."
lpg_cylinder_bidi_agarbatti,"LPG cylinders (PSU-filled), bidi, agarbatti",Referenced in the principal rules as exempted from the manufacture month/year declaration requirement (needs verification against SRC-001 full text).
farm_produce,Agricultural farm produce,"Farm produce packages up to 50 kg ARE covered by PCR 2011 (confirmed by DCA advisory SRC-012); only bags ABOVE 50 kg are excluded under rule 3(b), alongside cement and fertilizer."
industrial_institutional,Industrial / institutional consumer packages,Packaged commodities meant for industrial or institutional consumers are wholly excluded from Chapter II under rule 3(c).
bulk_over_25kg,Bulk packages > 25 kg / 25 litre,Excluded from Chapter II under rule 3(a).
e_commerce_listing,E-commerce product listing,"Not a physical package category but a digital-listing surface: rule 6(10) (mandatory declarations must be shown online) and rule 6(10A) (country-of-origin searchable/sortable filter for imported products, effective 1-Jul-2027) attach here."
imported_products,Imported products,"Country-of-origin declaration (rule 6(1)(aa)), e-commerce COO filter (rule 6(10A)), and bonded-warehouse declaration timing (rule 4 Explanation-2) all key off import status."
combination_group_package,Combination / group packages,Rule 2(ka)/(kb): packages bundling multiple dissimilar (combination) or similar-but-not-identical (group) commodities/pieces together for retail sale.
wholesale_package,Wholesale package,Governed by Rule 18 rather than the retail-sale rule 6 declarations.
fuel_vehicle_tank,Vehicle fuel tank capacity (advisory only),Covered by a DCA advisory (SRC-013) about safety-margin tank capacity in service manuals; not itself a PCR rule change - RAG/explanatory reference only.
