id,filename,doc_type,gsr_number,notification_date,gazette_no,pages,language,extraction_method,extraction_quality,title,notes
SRC-001,8 (1)_1732708313.pdf,PRINCIPAL_RULES,G.S.R. 202(E),2011-03-07,124,83,hindi,ocr_partial_eng_hin,poor,"Legal Metrology (Packaged Commodities) Rules, 2011 (Principal Rules, Hindi gazette copy)","Master 2011 notification. Full 83pp is Hindi-only in this scan; only pages 1,6-7 OCR'd in this pass (Rule 1 and Rule 6 declaration text visible). Recommend OCR+translation of remaining pages before treating derived rules as VERIFIED."
SRC-002,6_1732707170.pdf,UNRELATED_GAZETTE,,2011-02-08,60,655,hindi,not_ocrd_out_of_scope,poor,"Legal Metrology (General) Rules, 2011 [weights/measures/tank calibration] - NOT the Packaged Commodities Rules","655pp gazette confirmed by manual page sampling to be the General Rules 2011 (weighbridge/tank calibration standards), not PCR 2011. Out of scope for this compliance engine; catalogued for completeness only, not OCR'd (very low relevance/cost ratio)."
SRC-003,GSR226_1732707673.pdf,AMENDMENT,G.S.R. 226(E),2022-03-28,,3,bilingual,native_text,good,"Legal Metrology (Packaged Commodities) Amendment Rules, 2022",Postpones commencement of GSR779E(2021) chain; substitutes rule 6(11) unit sale price format.
SRC-004,PCR_1732708706.pdf,AMENDMENT,G.S.R. 747(E),2022-09-30,,2,bilingual,native_text,good,"Legal Metrology (Packaged Commodities) Amendment (Amendment) Rules, 2022",Pure commencement-date postponement (1 Oct 2022 -> 1 Dec 2022) of GSR226E chain.
SRC-005,PCR (1)_1732708817.pdf,AMENDMENT,G.S.R. 747(E),2022-09-30,,2,bilingual,native_text,good,"Duplicate copy of G.S.R. 747(E), 30-Sep-2022",Identical content to SRC-004 (duplicate upload).
SRC-006,eGazette_30_nov_22_1733384613.pdf,AMENDMENT,G.S.R. 859(E),2022-11-30,,2,bilingual,native_text,good,Commencement postponement: 1 Dec 2022 -> 1 Jan 2023 (GSR226E chain),
SRC-007,eGazette_30_nov_22 (1)_1733384725.pdf,AMENDMENT,G.S.R. 859(E),2022-11-30,,2,bilingual,native_text,good,"Duplicate copy of G.S.R. 859(E), 30-Nov-2022",
SRC-008,2022 3rd amendment in PCR Garments_1732708772.pdf,AMENDMENT,G.S.R. 648(E),2022-08-22,,2,bilingual,native_text,good,"Legal Metrology (Packaged Commodities) (Third Amendment) Rules, 2022 - Garments/Hosiery loose sale",Inserts rule 26(f): exemption for loose garments/hosiery conditional on 4 disclosures. Effective 1 Jan 2023.
SRC-009,Notification -  Legal Metrology (QR Code)_1732708740.pdf,AMENDMENT,G.S.R. 577(E),2022-07-14,,3,bilingual,native_text,good,"Legal Metrology (Packaged Commodities) (Second Amendment) Rules, 2022 - QR Code option for electronics",1-year transitional QR-code declaration option for electronic products mfd/packed/imported after 15-Jul-2022.
SRC-010,2023.01.27 amendment in amendment of 2023 PCR_1732708929.pdf,AMENDMENT,G.S.R. 60(E),2023-01-27,,2,bilingual,native_text,good,Commencement postponement: 1 Feb 2023 -> 1 Apr 2023 (GSR226E chain),
SRC-011,PCR_Amendment_24March2023_1732708954.pdf,AMENDMENT,G.S.R. 214(E),2023-03-24,,2,bilingual,native_text,good,Commencement postponement: 1 Apr 2023 -> 1 Jun 2023 (GSR226E chain),
SRC-012,2023.3.6 farm produce upto 50 kg as per PCR_1732709136.pdf,ADVISORY_CIRCULAR,,2023-03-06,,1,english,ocr_eng,good,DCA advisory: agricultural farm produce packages up to 50kg fall under PCR 2011,Quotes Rule 3 verbatim. Confirms farm-produce packages <=50kg ARE covered (not exempt); only bags >50kg are excluded under rule 3(b).
SRC-013,2023.3.6 Fuel capacity vehicle tank_1732709098.pdf,ADVISORY_CIRCULAR,,2023-03-06,,1,english,ocr_eng,good,DCA advisory: vehicle fuel-tank capacity in service manuals (not a PCR amendment),"Advisory about a 15-20% safety margin in fuel-tank capacity disclosures; not a compliance rule change, kept as RAG/explanatory reference only."
SRC-014,2023.7.10 Medical Devices revision of prices_1732709214.pdf,ADVISORY_CIRCULAR,,2023-07-10,,1,english,ocr_eng,good,DCA advisory: MRP revision compliance for medical devices,"Quotes Rule 26(c) and Rule 6(1)(e) verbatim, confirming Drug Price Control Order 2013 exemption interaction and MRP-inclusive-of-taxes requirement."
SRC-015,Amendment of PCR ext till 31.12.2023_1732709276.pdf,AMENDMENT,G.S.R. 714(E),2023-09-30,,2,bilingual,native_text,good,Commencement postponement: 1 Oct 2023 -> 1 Jan 2024 (GSR226E chain),
SRC-016,2023.10.6 amendment in PCR_1732709301.pdf,AMENDMENT,G.S.R. 722(E),2023-10-06,,5,bilingual,native_text,good,"Legal Metrology (Packaged Commodities) Amendment Rules, 2023 - combination/group package definitions",Substantive: inserts rule 2(ka) 'combination package' and 2(kb) 'group package' definitions. Effective 1 Jan 2024.
SRC-017,2023.06.5 amendment in amendment of PCR ext till 30.6.2023_0_1732709179.pdf,AMENDMENT,G.S.R. 412(E),2023-06-05,,2,bilingual,native_text,good,Commencement postponement: 1 Jun 2023 -> 1 Jul 2023 (GSR226E chain),
SRC-018,248432_1732709253.pdf,AMENDMENT,G.S.R. 640(E),2023-08-30,,2,bilingual,native_text,good,Commencement postponement: 1 Sep 2023 -> 1 Oct 2023 (GSR226E chain),
SRC-019,2023.12.29 Standard Operating Procedure for Edible oil & Fats Net Quantity Measurement signed copy_1732709323.pdf,SOP,,2023-01-15,,5,english,ocr_eng,fair,DCA Standard Operating Procedure: Net Quantity Determination for Edible Oils & Fats,Enforcement SOP for net-quantity checks on edible oil/fat packages. RAG reference; not itself a change to PCR rule text.
SRC-020,267107_1761404371.pdf,AMENDMENT,G.S.R. 778(E),2025-10-23,,3,bilingual,native_text,good,"Legal Metrology (Packaged Commodities) Amendment Rules, 2025 - Medical Devices Rules 2017 carve-outs",Inserts proviso to rule 2(h); provisos to rule 7(2)/(3); renumbers rule 33 and adds 33(2). Effective on publication (23-Oct-2025).
SRC-021,2nd PCR Pan Masala_1764736573.pdf,AMENDMENT,G.S.R. 881(E),2025-12-02,,2,bilingual,native_text,good,"Legal Metrology (Packaged Commodities) Second (Amendment) Rules, 2025 - Pan Masala",Inserts further proviso to rule 26(a): exemption clause does NOT apply to pan masala. Effective 1 Feb 2026.
SRC-022,2026.02.13 PCR 1st COO Filter on e-commerce websites_1771230926.pdf,AMENDMENT,G.S.R. 128(E),2026-02-13,,2,bilingual,native_text,good,"Legal Metrology (Packaged Commodities) Amendment Rules, 2026 - e-commerce Country-of-Origin filter",Inserts rule 6(10A): e-commerce entities selling imported products must provide searchable/sortable country-of-origin filter. Effective 1 Jul 2026.
SRC-023,2026.4.27 PCR 2nd COO from 1.7.2027_1777348681.pdf,AMENDMENT,G.S.R. 312(E),2026-04-27,,2,bilingual,native_text,good,"Legal Metrology (Packaged Commodities) Second Amendment Rules, 2026 - COO filter re-timed","Substitutes rule 6(10A) (supersedes G.S.R.128(E) wording); same requirement, new effective date 1 Jul 2027 instead of 1 Jul 2026."
SRC-024,PCR_3rd_29May2026_1780375945.pdf,AMENDMENT,G.S.R. 418(E),2026-05-29,,3,bilingual,native_text,good,"Legal Metrology (Packaged Commodities) Third Amendment Rules, 2026 - bonded warehouse & registration",Inserts rule 4 Explanation-2 (AEO Tier-2/3 bonded-warehouse declarations); rule 27(2)(d) (named Director responsible for violations) and rule 27(3) annual update proviso. Effective on publication (29-May-2026).
SRC-025,230946_1733384533.pdf,AMENDMENT,G.S.R. 779(E),2021-11-02,,4,bilingual,native_text,good,"Legal Metrology (Packaged Commodities) Amendment Rules, 2021","Substantive core amendment: CPA-2019 refs, rule 4 grouping, rule 5 omitted, rule 6(1)(d)/(e) reworded, rule 6(11) unit-sale-price inserted, rule 13(5)(ii), rule 18(2A)/(7). Commencement 1 Apr 2022, later postponed repeatedly (see amendments.csv chain) to 1 Jan 2024."
SRC-026,8(xii)_0_1732708235.pdf,AMENDMENT,G.S.R. 629(E),2017-06-23,,14,bilingual,native_text,good,"Legal Metrology (Packaged Commodities) Amendment Rules, 2017","Major amendment: introduces e-commerce definitions (2(bd)-(bf)), rule 3 substituted, rule 6(1)(a) Explanation III (FSSAI carve-out), 6(1)(aa) country-of-origin, 6(1)(da) best-before/use-by, 6(1)(e) MRP rounding, 6(4A) voluntary marks, 6(10) e-commerce mandatory-declaration display + intermediary safe harbour, rule 7(2)/(3)+Table-I letter-height standards. Effective 1 Jan 2018."
SRC-027,8(xii)_0_1732708267.pdf,AMENDMENT,G.S.R. 629(E),2017-06-23,,14,bilingual,native_text,good,"Duplicate copy of G.S.R. 629(E), 23-Jun-2017",
SRC-028,8(xi)_0_1732708202.pdf,AMENDMENT,,2016-09-07,,2,bilingual,native_text,fair,"Amendment notification, 7-Sep-2016 (gazette No. 622)",English section present but not deep-parsed in this pass; flagged for follow-up extraction.
SRC-029,8(iii)_0_1732707869.pdf,AMENDMENT,G.S.R. 784(E)?,2011-09-24,,2,hindi,ocr_native_garbled_font,poor,"2011 amendment notification (gazette No. 591, dated 25-Oct-2011) - font-encoding garbled",PDF uses a non-standard embedded font; text layer decodes to mojibake. GSR number/date are best-effort reads from partially legible header only - NEEDS_HUMAN_REVIEW before use.
SRC-030,8(i)_0_1732707804.pdf,AMENDMENT,,2011-04-13,,1,hindi,ocr_poor,poor,"2011 gazette notification (No. 205, 13-Apr-2011)",OCR heavily garbled (old scan). Header date/gazette number legible; body not reliably extracted - NEEDS_HUMAN_REVIEW.
SRC-031,8(ii)_0_1732707827.pdf,AMENDMENT,,2011-09-30,,1,hindi,ocr_poor,poor,"2011 gazette notification (No. 551, 30-Sep-2011)",OCR heavily garbled - NEEDS_HUMAN_REVIEW.
SRC-032,8(iv)_0_1732707983.pdf,AMENDMENT,,2011-11-24,,1,hindi,ocr_poor,poor,"2011 gazette notification (No. 634, 24-Nov-2011)",OCR heavily garbled - NEEDS_HUMAN_REVIEW.
SRC-033,8(iv)_0_1732708028.pdf,AMENDMENT,,2011-11-24,,1,hindi,ocr_poor,poor,"Duplicate copy of gazette No. 634, 24-Nov-2011",
SRC-034,8(vi)_0_1732708059.pdf,AMENDMENT,,2012-06-05,,2,hindi,ocr_poor,poor,"2012 gazette notification (No. 258, 5-Jun-2012)",OCR heavily garbled - NEEDS_HUMAN_REVIEW.
SRC-035,8(vii)_0_1732708089.pdf,AMENDMENT,G.S.R. 359(E)?,2013-06-06,,5,hindi,ocr_poor,poor,"2013 gazette notification (No. 274, 6-Jun-2013)",OCR partially legible (G.S.R. number best-effort read) - NEEDS_HUMAN_REVIEW.
SRC-036,8(viii)_0_1732708109.pdf,AMENDMENT,,,,2,hindi,ocr_poor,poor,"Gazette extract, undated in OCR text - NEEDS_HUMAN_REVIEW",
SRC-037,8(ix)_0_1732708151.pdf,AMENDMENT,,2014-12-04,,2,hindi,ocr_poor,poor,"2014 gazette notification (No. 648, 4-Dec-2014)",OCR heavily garbled - NEEDS_HUMAN_REVIEW.
SRC-038,8(x)_0_1732708177.pdf,AMENDMENT,,,,6,hindi,ocr_poor,poor,Undated gazette extract - NEEDS_HUMAN_REVIEW,
SRC-039,advisory_pcr(1)_0_1732707749.pdf,ADVISORY_CIRCULAR,,,,2,english,ocr_poor,poor,DCA advisory circular re: PCR (content not reliably OCR'd),NEEDS_HUMAN_REVIEW / re-OCR at higher DPI.
SRC-040,amend_0_1732707699.pdf,AMENDMENT,,,,1,hindi,ocr_poor,poor,Amendment fragment (unidentified) - NEEDS_HUMAN_REVIEW,
SRC-041,corrigendum_PCR_0_0_1732707722.pdf,CORRIGENDUM,,,,1,hindi,ocr_poor,poor,Corrigendum to PCR (content not reliably OCR'd) - NEEDS_HUMAN_REVIEW,
SRC-042,guidelines dt 30_9_2011 for PCR(1)_0_1732707781.pdf,GUIDELINE,,2011-09-30,,1,hindi,ocr_poor,poor,DCA guidelines dated 30-Sep-2011 for implementing PCR 2011 - NEEDS_HUMAN_REVIEW,
